{
  "revenue": {
    "1y": {
      "train": {
        "MAE": 158330099.63223088,
        "RMSE": 194854089.9571821,
        "R2": 0.9999963557678528
      },
      "test": {
        "MAE": 19268414732.086327,
        "RMSE": 28916516616.074097,
        "R2": 0.9490361635955337
      },
      "n_train": 93,
      "n_test": 20
    },
    "3y": null,
    "5y": null
  },
  "net_income": {
    "1y": {
      "train": {
        "MAE": 124519398.0639843,
        "RMSE": 152680475.8370322,
        "R2": 0.9999518740588872
      },
      "test": {
        "MAE": 12259479270.630396,
        "RMSE": 17773249864.451515,
        "R2": 0.5933988595060891
      },
      "n_train": 93,
      "n_test": 20
    },
    "3y": null,
    "5y": null
  },
  "operating_cash_flow": {
    "1y": {
      "train": {
        "MAE": 27059650.565184332,
        "RMSE": 32415229.237991087,
        "R2": 0.9999949222974673
      },
      "test": {
        "MAE": 8614121143.290707,
        "RMSE": 14980780436.036255,
        "R2": 0.6623118959879462
      },
      "n_train": 93,
      "n_test": 20
    },
    "3y": null,
    "5y": null
  }
}