{
  "train": {
    "MAE": 0.020427707724703485,
    "RMSE": 0.025127480418257516,
    "R2": 0.9981776086007127
  },
  "test": {
    "MAE": 0.355413968609029,
    "RMSE": 0.5002942610409608,
    "R2": -0.4434835238014494
  }
}