{
  "1y": {
    "train": {
      "MAE": 0.020427708429361487,
      "RMSE": 0.025127480746640257,
      "R2": 0.9981776085632637
    },
    "test": {
      "MAE": 0.3523155614982942,
      "RMSE": 0.49742199360181577,
      "R2": -0.42695659078578063
    }
  },
  "2y": {
    "train": {
      "MAE": 0.030342600192743683,
      "RMSE": 0.0366913077681843,
      "R2": 0.9995368662719444
    },
    "test": {
      "MAE": 0.7088885245910208,
      "RMSE": 1.1042284789346497,
      "R2": -0.046728985518663224
    }
  },
  "3y": {
    "train": {
      "MAE": 0.04286708112221667,
      "RMSE": 0.05324959482094986,
      "R2": 0.9994821793123145
    },
    "test": {
      "MAE": 1.1976151878512877,
      "RMSE": 1.8805097207722892,
      "R2": -0.4027104520426068
    }
  },
  "4y": {
    "train": {
      "MAE": 0.032723743111869624,
      "RMSE": 0.03930698565593734,
      "R2": 0.9998050213154176
    },
    "test": {
      "MAE": 1.2497850731743576,
      "RMSE": 2.2158594608516466,
      "R2": 0.21481315935600476
    }
  },
  "5y": {
    "train": {
      "MAE": 0.026337482624339666,
      "RMSE": 0.032601964279357715,
      "R2": 0.999935221177459
    },
    "test": {
      "MAE": 2.9031383833557465,
      "RMSE": 5.334767896946693,
      "R2": 0.11704304840705815
    }
  }
}